[
	{
		"imagen": "./img/celular-1.png",
		"precio": 295000,
		"descuento": "21%",
		"envio": "Envio gratis",
		"id": 0,
		"cantidad": 1
	},
	{
		"imagen": "./img/celular-2.png",
		"precio": 95000,
		"descuento": "15%",
		"envio": "Envio gratis",
		"id": 1,
		"cantidad": 1
	},
	{
		"imagen": "./img/computadora-1.png",
		"precio": 193030,
		"descuento": "5%",
		"envio": "Envio gratis",
		"id": 2,
		"cantidad": 1
	},
	{
		"imagen": "./img/computadora-2.png",
		"precio": 450000,
		"descuento": "7%",
		"envio": "Envio gratis",
		"id": 3,
		"cantidad": 1
	},
	{
		"imagen": "./img/teclado-1.png",
		"precio": 5099,
		"descuento": "2%",
		"envio": "Envio gratis",
		"id": 4,
		"cantidad": 1
	},
	{
		"imagen": "./img/teclado-2.png",
		"precio": 8099,
		"descuento": "4%",
		"envio": "Envio gratis",
		"id": 5,
		"cantidad": 1
	},
	{
		"imagen": "./img/televisor-1.png",
		"precio": 140500,
		"descuento": "17%",
		"envio": "Envio gratis",
		"id": 6,
		"cantidad": 1
	}
]